﻿<CTX_PVS_Device_Prep_Settings>

<ClearUserProfie>
	<!--
	Die hier hinterlegten Profile werden NICHT gelöscht!
	-->
	<!-- DE -->
	<Profile>Administrator</Profile>
	<Profile>Benutzer</Profile>
	<Profile>Netzwerkdienst</Profile>
	<Profile>Lokaler Dienst</Profile>
	<!-- EN -->
	<Profile>SYSTEM</Profile>
	<Profile>LOCAL SERVICE</Profile>
	<Profile>NETWORK SERVICE</Profile>
	<!-- Citrix -->
	<Profile>CitrixTelemetryService</Profile>
	<Profile>CtxAppVCOMAdmin</Profile>
	<!-- FI -->
	<Profile>q-CTXPublish</Profile>
	<Profile>q-AppVIIS</Profile>
	<Profile>oracle</Profile>
	<Profile>Locke</Profile>
</ClearUserProfie>

</CTX_PVS_Device_Prep_Settings>