<?xml version="1.0"?>
<?xml-stylesheet type='text/xsl' href='style.xsl'?>

<Application>

    <Vendor>hornpa.de</Vendor>
    <Product>Citrix PVS Device Prep</Product>
    <Version>v1.12</Version>
	<Publisher>ALL</Publisher>

    <InstallerName>-</InstallerName>
    <UnattendedArgs>-</UnattendedArgs>

    <MDTSettings>

        <Hide>False</Hide>
        <Enable>True</Enable>
        <Reboot>False</Reboot>
        <Path>Applications\Packages</Path>

    </MDTSettings>


</Application>